2.mp3,"celebration, funny"
22.mp3,"energetic, delight"
24.mp3,"energetic, funny"
30.mp3,"energetic, funny, love"
38.mp3,"celebration, energetic"
39.mp3,"energetic, funny"
41.mp3,"energetic, funny"
44.mp3,"party, excited, funny"
45.mp3,"funny, happy"
51.mp3,"excited, funny"
176.mp3,"playful, funny"
197.mp3,"funny, happy"
263.mp3,"energetic, playful"
272.mp3,"funny,party"
276.mp3,"excited, playful"
282.mp3,funny
292.mp3,happy
304.mp3,funny
1.mp3,funny,
3.mp3,"energetic, funny",
4.mp3,"celebration, funny",
5.mp3,"funny, playful",
6.mp3,"excited, playful, love",
7.mp3,"celebration, playful, love",
8.mp3,"excited, funny",
9.mp3,"energetic, funny",
10.mp3,"funny, energetic",
11.mp3,funny,
12.mp3,"energetic, funny",
13.mp3,"cheerful, excited",
14.mp3,"energetic, funny",
15.mp3,funny,
16.mp3,"celebration, funny",
17.mp3,"funny, love",
18.mp3,"energetic, funny",
19.mp3,"energetic, love",
20.mp3,celebration,
21.mp3,"energetic, celebration",
23.mp3,"excited, playful",
25.mp3,"love, playful,funny",
26.mp3,"happy, celebration",
27.mp3,"energetic, alarmed",
28.mp3,"funny, love",
29.mp3,"funny, delight",
31.mp3,"funny, energetic",
32.mp3,"energetic, alarmed",
33.mp3,funny,
34.mp3,"energetic, funny",
35.mp3,"cheerful, celebration",
36.mp3,"happy, playful",
37.mp3,"energetic, delight",
40.mp3,"energetic, playful",
42.mp3,"celebration,funny",
43.mp3,"energetic, celebration",
46.mp3,"celebration, funny",
47.mp3,"funny, alarmed",
48.mp3,"funny, fast-track",
49.mp3,"playful, aroused",
50.mp3,"funny, playful",
52.mp3,"funny, energetic",
53.mp3,"funny, cheerful",
54.mp3,playful,
55.mp3,"energetic, funny",
56.mp3,"celebration, energetic",
57.mp3,funny,
58.mp3,-,check
59.mp3,"funny, playful",
60.mp3,"funny, playful",
61.mp3,funny,
62.mp3,inspirational,
63.mp3,"energetic, playful, funny",
64.mp3,"energetic, funny",
65.mp3,"funny, energetic",
66.mp3,"funny, energetic",
67.mp3,"funny, celebration",
68.mp3,funny,
69.mp3,funny,
70.mp3,"playful, energetic",
71.mp3,"funny, energetic",
72.mp3,"funny, playful",
73.mp3,"funny, love",
74.mp3,funny,
75.mp3,"funny, playful",
76.mp3,"energetic, funny, playful",
77.mp3,"cheerful, funny",
78.mp3,energetic,
79.mp3,"delight, love",
80.mp3,"love, funny",
81.mp3,funny,
82.mp3,"funny, playful",
83.mp3,love,
84.mp3,"energetic, playful,funny",
85.mp3,funny,
86.mp3,funny,
87.mp3,"energetic, funny",
88.mp3,"love, aroused",
89.mp3,"playful, funny",
90.mp3,playful,
91.mp3,funny,
92.mp3,"playful, energetic",
93.mp3,"celebration, funny",
94.mp3,funny,
95.mp3,"energetic, funny",
96.mp3,funny,
97.mp3,"dance, playful",
98.mp3,"funny, calm",
99.mp3,"funny, energetic",
100.mp3,"funny, playful",
101.mp3,"funny, love",
102.mp3,"funny, playful",
103.mp3,"playful, funny, celebration",
104.mp3,"energetic, playful",
105.mp3,"energetic, playful, funny",
106.mp3,playful,
107.mp3,"happy, playful",
108.mp3,"funny, playful",
109.mp3,"playful, cheerful",
110.mp3,"funny, relaxed",
111.mp3,"playful, calm",
112.mp3,"funny, calm",
113.mp3,"energetic, funny, playful",
114.mp3,"delight, funny",
115.mp3,"playful, funny",
116.mp3,"playful, energetic,-",13.34
117.mp3,energetic,
118.mp3,"delight, playful",
119.mp3,"energetic, playful",
120.mp3,"calm, funny",
121.mp3,"love, happy",
122.mp3,"energetic, funny",
123.mp3,"funny, relaxed",
124.mp3,"energetic, funny",
125.mp3,"funny, delight",
126.mp3,funny,
127.mp3,"fast-tracked, funny",
128.mp3,"cheerful, playful",
129.mp3,"funny, happy",
130.mp3,"delight, playful",
131.mp3,"funny, cheerful",
132.mp3,"tense ,funny, playful",
133.mp3,"cheerful, funny",
134.mp3,"energetic, playful",
135.mp3,"funny, cheerful",
136.mp3,"energetic, funny",
137.mp3,"funny, playful",
138.mp3,"celebration, happy, playful",
139.mp3,"energetic, funny",
140.mp3,"playful, energetic",
141.mp3,"energetic, angry",
142.mp3,"energetic, --",
143.mp3,funny,
144.mp3,"funny, delight",
145.mp3,"celebration, funny",
146.mp3,"energetic, cheerful,funny",
147.mp3,"energetic, delight",
148.mp3,"funny, playful",
149.mp3,"energetic, love",
150.mp3,"funny, playful",
151.mp3,"funny, energetic",
152.mp3,"funny, energetic",
153.mp3,playful,
154.mp3,"celebration, funny",
155.mp3,"funny, playful",
156.mp3,delight,
157.mp3,"energetic, playful",
158.mp3,"playful, funny",
159.mp3,"celebration, delight",
160.mp3,"energetic, playful",
161.mp3,"funny, playful",
162.mp3,"calm, love",
163.mp3,"energetic, funny",
164.mp3,"energetic, playful",
165.mp3,"funny, energetic,",
166.mp3,funny,
167.mp3,"funny, energetic",
168.mp3,"funny, delight",
169.mp3,"energetic, happy",
170.mp3,"playful, funny",
171.mp3,"playful,funny",
172.mp3,"funny, delight",
173.mp3,"celebration, funny",
174.mp3,"funny, energetic",
175.mp3,"funny, energetic",
177.mp3,"funny, playful",
178.mp3,"funny, sad",
179.mp3,"cheerful, calm",
180.mp3,playful,
181.mp3,REPEAT,
182.mp3,"love, depressed",
183.mp3,"love, calm",
184.mp3,"funny, delight",
185.mp3,dance,
186.mp3,love,
187.mp3,funny,
188.mp3,"funny, playful",
189.mp3,"cheerful, playful",
190.mp3,"happy, calm, funny",
191.mp3,"funny, delight",
192.mp3,"funny, playful",
193.mp3,"funny, energetic",
194.mp3,"playful, delight",
195.mp3,"calm, love, funny",
196.mp3,"energetic, funny",
198.mp3,"funny, cheerful",
199.mp3,"love, funny",
200.mp3,"funny, energetic",
201.mp3,"celebration, funny",
202.mp3,"funny, alarmed",
203.mp3,"frustated, funny",
204.mp3,"energetic, funny",
205.mp3,"cheerful, energetic, playful",
206.mp3,"energetic, funny",
207.mp3,funny,
208.mp3,"energetic, funny",
209.mp3,"funny, annoyed",
210.mp3,"delight, energetic",
211.mp3,"energetic, funny",
212.mp3,"fast-track, funny",
213.mp3,"funny, playful",
214.mp3,"delight, funny",
215.mp3,"funny, playful",
216.mp3,"playful, funny",
217.mp3,"funny, cheerful",
218.mp3,"playful, delight",
219.mp3,"energetic, funny",
220.mp3,"funny, playful",
221.mp3,"funny, energetic",
222.mp3,funny,
223.mp3,funny,
224.mp3,"calm, love",
225.mp3,"funny, playful",
226.mp3,"energetic, dance",
227.mp3,"funny, playful",
228.mp3,"playful, happy, funny",
229.mp3,"playful, funny",
230.mp3,-,
231.mp3,"energetic, funny",
232.mp3,"energetic, playful",
233.mp3,"energetic, funny",
234.mp3,"funny, cheerful",
235.mp3,-,
236.mp3,funny,
237.mp3,"funny, delight",
238.mp3,"calm, love",
239.mp3,"funny, playful",
240.mp3,"playful, funny",
241.mp3,"funny, playful",
242.mp3,"playful, funny",
243.mp3,"funny, playful",
244.mp3,"celebration, -",
245.mp3,"funny, playful",
246.mp3,"energetic, funny",
247.mp3,cheerful,
248.mp3,"energetic, aroused",
249.mp3,"funny, annoyed",
250.mp3,"funny, happy",
251.mp3,"funny, distressed",
252.mp3,"funny, happy, playful",
253.mp3,"funny, playful",
254.mp3,REPEAT,
255.mp3,"funny, delight",
256.mp3,"funny, cheerful",
257.mp3,"funny, playful",
258.mp3,"cheerful, funny",
259.mp3,"funny, funny",
260.mp3,funny,
261.mp3,funny,
262.mp3,"energetic, cheerful,funny",
264.mp3,"energetic, playful,-",19.07
265.mp3,"funny, happy",
266.mp3,"funny, delight",
267.mp3,"energetic, playful",
268.mp3,"playful, funny",
269.mp3,"celebration, delight",
270.mp3,"energetic, playful",
271.mp3,"funny, energetic",
273.mp3,"energetic, playful, funny",
274.mp3,"funny, energetic",
275.mp3,"dance, playful",
277.mp3,"funny, dance",
278.mp3,"playful, funny, dance",
279.mp3,"funny, playful",
280.mp3,funny,
281.mp3,"enjoying, funny",
283.mp3,"energetic, dance",
284.mp3,"playful, energetic",
285.mp3,"playful, energetic",
286.mp3,"funny, celebration",
287.mp3,"celebration, funny",
288.mp3,"funny, energetic",
289.mp3,celebration,
290.mp3,"funny, cheerful",
291.mp3,"happy, funny",
293.mp3,"celebration, dance",
294.mp3,"cheerful, funny",
295.mp3,"energetic, frustated",
296.mp3,"energetic, happy",
297.mp3,REPEAT,
298.mp3,"funny, playful, energetic",
299.mp3,"celebration, delight",
300.mp3,REPEAT,
301.mp3,"energetic, funny, delight",
302.mp3,"funny, energetic",
303.mp3,"love, energetic",
305.mp3,energetic,
306.mp3,"playful, energetic",
307.mp3,"funny, happy",
308.mp3,"excited, funny",
309.mp3,inspirational,
310.mp3,"funny, playful",
311.mp3,"calm, motivational",
312.mp3,funny,
313.mp3,-,
314.mp3,"playful, funny",
315.mp3,"calm, playful",
316.mp3,"energetic, playful",
317.mp3,"energetic, funny, delight",
